{
  "Non Drowsy": {
    "precision": 0.9988558352402745,
    "recall": 0.970647098065377,
    "f1-score": 0.9845494530280816,
    "support": 4497.0
  },
  "Drowsy": {
    "precision": 0.966900702106319,
    "recall": 0.9987049987049987,
    "f1-score": 0.9825455472034654,
    "support": 3861.0
  },
  "accuracy": 0.9836085187843981,
  "macro avg": {
    "precision": 0.9828782686732968,
    "recall": 0.9846760483851879,
    "f1-score": 0.9835475001157735,
    "support": 8358.0
  },
  "weighted avg": {
    "precision": 0.9840940777587953,
    "recall": 0.9836085187843981,
    "f1-score": 0.9836237434816777,
    "support": 8358.0
  }
}